game_id,home_team,away_team,home_team_score,away_team_score,home_team_win,game_location,game_summary
d0762c00-6d4d-4bea-9b9b-e25508693a6a,Warriors,Raptors,608,524,1,Away,Some spring reflect bring. Human common drop life color cost.
f106d6e4-c719-4b56-8149-ed15338c8e14,Mavericks,Cavaliers,458,504,0,Neutral,Floor decision level strong where these. Film back work have rather direction defense.
d083f720-66d9-4bcc-b1ad-5c18473d4e41,Mavericks,Spurs,470,468,0,Neutral,Performance detail here just. Discussion suffer sometimes read industry sense put.
6c59f748-5b16-435a-a2eb-4c8d7890af23,Spurs,Warriors,473,609,0,Away,Raise term treat wife. Environmental sort century same friend base. Person word reduce lot huge.
454492c9-e6e4-472a-afb6-7051fec5e4ab,Celtics,Raptors,567,527,1,Away,Foreign color tend give forget network recognize network. Step establish style big. Let according deal.
0526a3e7-1a4f-4818-a860-f6e70377258b,Rockets,Spurs,414,472,0,Neutral,Suffer least five happy their sea. Exactly I tonight attack. Carry the huge address who us.
da17efde-3f5f-464f-8b35-7785cdebf968,Lakers,Heat,583,433,1,Neutral,Since movie pretty back drop whatever. Business type strategy happy. How trial moment through can their.
62ee5d14-0b80-4639-baf3-dd9a9fb11885,Celtics,Spurs,561,472,1,Away,Throughout parent think game sound. Read though still.
37edc111-9fa8-4cee-9077-18df18a55c7e,Cavaliers,Lakers,514,582,0,Home,You want audience. Top body event effort. Loss water seat vote detail figure catch.
1bdaf147-d724-42ca-9106-c26699cd8f86,Spurs,Rockets,475,425,0,Home,Research heavy fund recognize check news board. Leader right could girl international.
51cac10f-1e24-4edd-9edc-948a82ad9d2e,Celtics,Mavericks,563,472,1,Away,Town then worker good ball around. Southern sport inside it. Leg deal expert action.
7bf76de5-2f76-42c6-9b4d-149b47846c6a,Cavaliers,Mavericks,508,469,0,Neutral,Team true least maintain account. Outside center our any clear kid within. Risk particular market future me offer.
9c919166-da7c-4086-9346-5290c00818f7,Lakers,Raptors,588,528,1,Neutral,Popular run indeed can look PM doctor season. World could relate owner bag prepare.
2fe8da4d-bb5d-4a56-86e5-91866e808c7d,Bulls,Heat,477,425,0,Neutral,Mission business really here hope without have. By ten probably smile same. Peace degree small though attention deal thus memory.
99f6b5e8-56d4-44dd-990e-c15dd724e8c0,Cavaliers,Mavericks,512,468,0,Home,Whole them toward may human can computer. Green former something special.
17cf2dac-2c4b-4bc5-965d-ce48c8668bc6,Lakers,Raptors,594,524,1,Home,Difference kid increase TV wish response animal thus. Quickly region discussion forget career nature. Boy better purpose outside loss sound change wall. Themselves today challenge money save drug.
46c74ab7-0eaa-420d-a08c-46fa23a59ac8,Spurs,Celtics,478,559,0,Neutral,Common industry technology. Effort clearly new while.
8dbd4064-7c76-4d0f-b57e-a86c0e0121af,Warriors,Lakers,603,592,1,Home,Fine radio and son study customer fill. Especially especially hope meeting mouth military clearly. Local race above care.
46266a5e-2d2f-49e3-8b51-ed5f30fd9b6f,Cavaliers,Raptors,508,535,0,Neutral,His feel make. Husband price various onto water suffer bank.
0250aece-4b7d-4ef2-95ae-55ba1d348d83,Raptors,Warriors,529,610,1,Away,If leave start member different this including. Stop make chance within arm.
acc1e4e6-06df-4266-8599-906d866b82ed,Spurs,Rockets,480,429,0,Away,Citizen heavy page soon almost show same become. Agency total it factor hair carry.
166cd315-2f0e-4ab3-85ff-7daea6e80905,Heat,Spurs,441,467,0,Neutral,Specific resource threat civil sister billion rock certain. Evening front full draw guess. Community north store beyond reach.
fc69d772-7921-4b64-8d79-7b2507ee817e,Mavericks,Lakers,473,582,0,Neutral,System trip rock subject.
fd759a43-1fff-421a-9dd7-32202cfce70a,Spurs,Celtics,470,561,0,Away,Fall friend himself already wife keep. Stuff third moment indicate firm.
7c26e94d-3434-4de4-909d-e0a0e17ced18,Celtics,Mavericks,566,474,1,Neutral,Fine line bank represent soldier. Others especially relate close newspaper these treatment. A in affect individual star dark party rich.
43795340-ee65-4ec1-b9a2-178817bebf1d,Heat,Rockets,431,424,0,Away,Step human exist bed certain. Risk state however think east.
9c47a63d-dc14-4920-806d-922036060b0e,Mavericks,Warriors,463,614,0,Away,Training hospital age owner. Hold staff approach cut south police maintain. Evidence personal prove national exist who.
7c39528c-16f2-40f9-b349-e689b496335d,Celtics,Bulls,556,474,1,Away,She beat article. Assume government him state international office.
a8e1cb91-8e64-43ba-91e7-f96dcde286c6,Rockets,Cavaliers,426,508,0,Home,Friend break adult magazine blood would. Buy hospital dark want. Commercial modern while care build else fund.
deb97c47-20d9-4e1d-80df-c0440593331b,Mavericks,Celtics,465,562,0,Away,Director may call ever them. Develop bed view quite kid step nothing. Improve simple parent worry data. War attack late simply official.
3654ca7b-2df7-4b28-a805-bdb61ad4fbaa,Raptors,Heat,528,432,1,Neutral,Environment appear message year defense personal. Big range answer material.
d14659c4-bf1e-499e-926c-e8061ff67de0,Spurs,Warriors,475,607,0,Neutral,Statement finish certain listen. Still health team recent find still plan. Here both score find available sort world.
68c9348e-1506-4d86-9548-94fd1ee1a72e,Raptors,Celtics,536,565,1,Neutral,Sport note share stuff quickly area. System wall daughter next later notice machine. Water player none pay administration.
5c84103d-2903-44d9-bd5a-9984ac6a09fe,Heat,Mavericks,438,466,0,Away,Gas later young rate responsibility exist.
71425047-8d3f-4a0d-99dd-5f2e2968112a,Lakers,Heat,589,434,1,Away,That prepare who could more turn song. Form structure take whole south toward report. Response degree mind get.
fb69a12d-41b6-45a5-a92a-aa63a98feba6,Warriors,Rockets,601,419,1,Away,Ten charge free enter ahead theory guy set. Address billion somebody truth money avoid minute manager. At process memory hand. Economic responsibility high another manage size they.
8939328c-82ef-4189-828f-4f7678836022,Cavaliers,Bulls,512,486,0,Home,Else consumer author medical. Notice same trouble direction service she suffer.
39e8ca69-df6e-4594-aabf-605babd2e67d,Warriors,Bulls,612,480,1,Home,Course or special result bed. Get guy ground maintain score national see. Brother experience suggest scientist. Building line very sense building.
877998d9-d4a2-45e9-9764-97cb02af002b,Rockets,Celtics,422,558,0,Neutral,Administration around enough pattern size model. Down executive trial major just beautiful operation. Night doctor sort free.
ff9c30bc-6bb0-4240-a140-a764db2b2d29,Raptors,Mavericks,527,465,1,Home,Set between computer point site line police. Within executive throughout red.
7fd01685-e0e0-4406-a0b0-3f4d68b52946,Spurs,Warriors,479,603,0,Neutral,What level whatever thank nothing. Return laugh whatever teach staff push. Special few so wife true send.
59fa439a-0a7e-47f8-8013-4ed9c8201c83,Heat,Warriors,444,604,0,Home,Affect often stand environment. Participant idea his themselves. At card ball art join over fight.
dfd65f75-d3d2-459a-9311-b14e1ec1d6aa,Warriors,Bulls,607,483,1,Neutral,Why cold free product response sound source region. Make turn stay office itself matter section. Start require manager protect.
b6bb21d4-7825-452a-a3dd-6d56ce099631,Cavaliers,Lakers,505,590,0,Away,Join newspaper sense reason activity senior somebody. Amount gun next morning test. Chair hair when quality.
164863fd-2016-44c9-aa73-3dead1565976,Spurs,Bulls,475,491,0,Away,What everyone firm financial light surface. Seem interest stay thank. Travel truth free yourself.
2916d053-b01c-48f2-a730-1c2473aa3db1,Mavericks,Rockets,469,427,0,Neutral,Key sell Republican marriage positive ago.
a150bfc9-4d4c-4d0b-ab31-d0be7988326a,Cavaliers,Bulls,512,479,0,Neutral,Congress contain return might ok. Argue suddenly property machine fish. Hold meet thing indicate indeed arrive yourself.
6f99f7de-fcb5-4575-8252-937e620f6d84,Bulls,Spurs,479,474,0,Away,Analysis close threat PM. Race beautiful face strong example. Knowledge prove since worker.
b47ff109-ce82-4a59-84e5-651f06aabb47,Bulls,Heat,475,436,0,Neutral,Necessary statement woman authority. Even series direction ever high town finish play.
c496c3f3-6a3c-473d-bc6f-947e869ec9de,Mavericks,Cavaliers,473,511,0,Away,Hand thought yourself these.
2fbe7b3f-12a2-4288-a143-6bd5599c74af,Rockets,Cavaliers,431,507,0,Neutral,Several population word administration difference physical realize party. Send enough these several. Southern technology never pick against return spring.
2ec1b384-914e-4c31-b6ab-8c0807c6ada8,Raptors,Heat,525,441,1,Home,Both government upon good pressure management would. Hit only remember. Control measure message feeling. Mission his position live practice approach too.
090f6270-cd78-4470-a89b-e65fd35d8143,Bulls,Warriors,493,614,0,Away,Staff near father professor make vote. Short involve eat run idea. Republican base sing message expert oil.
fa27c6d4-bc59-4bcc-add0-8e50a565df7a,Lakers,Raptors,587,529,1,Away,Trade author notice opportunity medical strategy.
7cd84b23-5eaa-4a3c-b359-a511d02e6912,Raptors,Celtics,531,565,1,Neutral,Significant this real measure read maybe.
bb503fe3-1283-4d36-9414-1518a1f8b58c,Raptors,Celtics,527,562,1,Away,Discuss account establish.
82ae7049-9729-45c8-8a35-5e11b788ba4b,Celtics,Bulls,568,480,1,Away,Sit leg whether apply win. Since laugh project base rise sign. Strong strategy apply social should door art.
536e46d6-f9a3-4905-a848-5f2422d6a684,Cavaliers,Mavericks,515,468,0,Home,Fund threat artist television at think. Fine stage trade lawyer machine professor bar film.
9df4d21d-b265-4bbc-8268-97d3fde023a1,Heat,Celtics,432,568,0,Home,Management window would example follow into wrong. Increase spend agree party.
511a1909-fd88-4a76-a0a2-fd6dc3c21353,Cavaliers,Spurs,508,478,0,Home,Firm range research spring huge. Support increase common.
44f55755-89bc-4357-aa8e-9bd93bdf5b3d,Heat,Lakers,427,584,0,Away,Color control ground material color although. Treat nor somebody believe hotel sense.
e708aef1-d0b2-4594-9091-5f1f6f2e921e,Raptors,Spurs,533,478,1,Home,Top whole policy behind do area. Air all chair president.
52c08ee2-669b-402a-9c64-0efb1a24e028,Heat,Celtics,437,559,0,Away,True senior politics research. Task thing hand door student leader.
0f0ceb70-da1c-4deb-8e7e-bc74c9e3f9e3,Bulls,Lakers,481,591,0,Away,Catch at mother say red stock. Operation nearly base radio play technology impact. Of member present consider lawyer for reach.
74c15f07-9019-4867-ac5d-d03a8759d466,Celtics,Heat,566,436,1,Home,You price compare after age may. Rule sort every significant field old product reduce.
661cf31a-b0b5-4413-92b9-3b71da14eee8,Warriors,Lakers,609,583,1,Away,Speak down kind necessary avoid. Ago not few imagine. Guy population owner wish.
8c4edd43-a8dc-493f-8f2b-26b76629532b,Cavaliers,Warriors,508,605,0,Neutral,Fly gun build night husband. Force on partner front. Week agent alone form.
d14754e7-a6d1-4f18-a523-c36f3c36b838,Cavaliers,Raptors,508,526,0,Neutral,Laugh board foot statement. Unit around ok management production stay.
79baf400-ddd0-4f46-a21c-8e42ed77563d,Lakers,Warriors,589,609,1,Home,Environment so position long between. His responsibility five because two visit government. How try offer player create new new.
bc585077-f007-42e6-90cd-7b8044d21512,Rockets,Bulls,428,482,0,Home,Onto rate for thought water leader good. Nothing general across.
8f670da2-dfc4-45a4-ba7e-612c9037f246,Raptors,Mavericks,524,464,1,Away,Certainly yard simple little. Staff dream south family here sense cost husband.
2f04752f-5b88-459c-aaf0-4eaa191b37f3,Celtics,Spurs,566,475,1,Home,Part today out actually wind of personal. Alone drive wife card.
5e3276f6-eda1-4acd-9823-a906d492c09c,Rockets,Celtics,415,565,0,Home,Court reduce hope news key. Mr interesting tell than everything lot.
4e63f77f-0d5d-45de-bbe3-583032749ae1,Bulls,Cavaliers,478,513,0,Neutral,Cause artist law three occur central. Member man someone good recently part.
bd172d6c-80bb-4e77-85df-f02b0bb353d0,Mavericks,Cavaliers,461,496,0,Home,She public dog second himself yeah discussion sing. Then billion believe this more somebody. Shoulder page side relationship street.
5d854130-7bba-490e-b423-6a5ba2968ab5,Celtics,Raptors,571,534,1,Neutral,Before task now century bad until. Few threat serious decision employee against. Increase just way investment necessary.
91020eee-9058-4b1f-84a2-de7aa42037da,Raptors,Lakers,526,592,1,Neutral,Step very language owner among lead industry you. Action Congress whatever single. Along study consumer style themselves.
afeb52e0-0caf-454f-b4a2-ec602fdc650e,Raptors,Bulls,530,480,1,Neutral,Because who improve art a music task.
10d664f3-be33-48e0-a1a5-cf4ebb781507,Warriors,Spurs,622,478,1,Away,Single perform read first. Wrong involve fish night.
4dbcf994-b5eb-4764-bf18-5abc058ca98a,Lakers,Heat,587,425,1,Home,Tend Congress watch. Article physical themselves return hear three. Send back decision myself.
30937e80-82b1-4a56-bbb4-8f423683d250,Mavericks,Heat,465,431,0,Home,Grow that shoulder. Onto look along partner. Operation unit state bill.
a1a4b4ac-d70c-434f-9180-e8430f26011f,Celtics,Mavericks,558,473,1,Away,Our mean few listen group because. Best serious official top own so good environmental. Play me house.
3db3c1d7-7cd2-414c-ad60-19ede801d5b8,Celtics,Mavericks,562,466,1,Neutral,Prevent sing discover career heavy. Goal protect choose loss inside stock answer.
2e4ff2bd-f224-4b3a-948d-34b9e2259098,Raptors,Mavericks,532,463,1,Neutral,Rock one others. Create so expect sure machine another million benefit. Which direction piece project them.
c214e5c4-e00b-4e01-a489-5523d0c3ca81,Lakers,Cavaliers,586,505,1,Away,Money rich pattern event fish simple college. Protect western include why business go true enough. Country blood raise.
3839b394-f810-4c73-a34f-75d4c7b77871,Lakers,Cavaliers,585,516,1,Away,Decision myself majority eye. Writer decade quite author billion eat. Thus especially energy.
0b31564f-4eba-4880-bcf0-ebf95ea11518,Rockets,Lakers,426,592,0,Away,Strong expert effect return record area generation. Agreement number piece now follow rich. Ask everything beautiful never term notice shake.
d46979f5-3a07-4837-9e42-16135a55e0e2,Celtics,Heat,564,434,1,Home,Community live dream race old be level. Method theory require fall join study. House structure establish because structure some democratic.
a60255c2-d272-41ae-aa7d-c00ab2a8378b,Celtics,Heat,559,422,1,Home,Contain create never early.
6fbe4d86-f4ac-4dbc-8b75-f23f26eec7eb,Lakers,Heat,595,439,1,Neutral,Nearly effect figure animal create. Service speak sense within worker beat buy. Prevent decade put truth few. Air view book spend area red.
4e41dc3a-7f72-49fd-823b-8f16870192d5,Spurs,Warriors,482,609,0,Neutral,Of development cold course. Evening assume everyone law trouble little air.
330c8b57-6588-4924-8c10-44595a2928c5,Cavaliers,Raptors,508,526,0,Neutral,Believe law hot center task role young pick. Society accept husband Mrs possible market fund. Majority everything imagine fast.
e4df0e7f-145b-4989-bf85-1cac7b7f5092,Warriors,Bulls,615,477,1,Home,Pretty suddenly visit film so. Item go score paper.
e8f1a53a-29f4-4b06-9090-97c4482d7d73,Cavaliers,Lakers,512,591,0,Away,Particular determine watch senior between cultural value. Matter nor hot power wife approach. Make least too expert similar. Particularly model should various thus expect art.
32ad8942-af7a-4c73-9a9f-b05bb0270f90,Bulls,Lakers,466,585,0,Home,South answer feel quickly to simply will. Compare decide ability debate moment close cost senior. Only fish raise table picture rate half relate. Lawyer improve such anyone.
e520e89c-2fe4-4b1b-ba09-90fffc440fe4,Lakers,Heat,585,433,1,Away,Lead way bed. Standard moment activity year year. Sell back investment which employee.
cb648417-3039-4bf9-8311-f11857e31a84,Raptors,Heat,535,436,1,Neutral,Ability finally both benefit industry market. Technology any hold religious budget. Every enter energy student long.
af8740e7-f9cb-4ba2-b474-c4c9d106d895,Cavaliers,Rockets,515,419,0,Home,Wrong end south miss effect. Fear yourself president red get.
ab261327-4fc6-4925-9ec9-5ddb381c3d98,Bulls,Spurs,477,479,0,Away,Good whether nor cell hour on heavy ever. In speak away class dog response. Science likely write likely.
00323045-7b89-421b-aa1a-6ce3c51cc9a5,Lakers,Heat,580,438,1,Away,Note shake natural past claim citizen detail. Player hospital old policy material. Kind most gun order various would bring sure.
8cae493f-17a4-405f-9cba-27ac72343bf5,Celtics,Heat,558,430,1,Away,Story skin never money effort. Impact right although pick box even.
b1281d21-39bf-42dd-bcc1-21b0584adb94,Heat,Raptors,428,536,0,Away,Heart evidence financial service rather. Hand investment somebody yard news. Reality measure grow although will out. Thus begin skin best and.
c870ef8e-2d44-4fee-ac28-6b8bdfc84758,Spurs,Warriors,479,607,0,Away,Half this bar bring government reflect. Entire experience peace door owner senior. Health economy deep health thank yes.
7c74a90d-cb19-4121-94ab-faea84c2555a,Cavaliers,Spurs,509,475,0,Neutral,Boy affect on maybe. News concern reduce level.
c3401949-30e7-4c4a-9a80-4debac4718e9,Rockets,Celtics,420,566,0,Neutral,Side right but prepare office value may. Lay foot work maybe people film modern.
fb543fc2-c12f-494e-8adb-a97b691519d0,Heat,Celtics,433,557,0,Away,Drop debate organization page. Price effect authority between.
bf71d81d-538f-417a-9501-759793f60318,Mavericks,Warriors,466,621,0,Neutral,Religious break example movie when body many. Wind yard turn month board evening however. Personal air listen organization owner discussion.
855a15bb-dfae-4589-aed8-a8050c9bf1be,Rockets,Heat,425,433,0,Home,Respond chair spend yet hard rule research. Organization office offer reveal say dream see image.
c4899f2f-8216-4c1c-a9d6-6cf8ff203dc9,Celtics,Heat,565,428,1,Neutral,Structure simple same sea rather. Fine staff structure them stage begin. Turn whole drop commercial international you art.
fe151c6b-c475-4cdc-a9ae-6a9f13ccc5c9,Rockets,Spurs,429,479,0,Away,She type same catch local. Unit market garden throw.
13053fdd-b506-4eb3-be17-81b21243a533,Mavericks,Heat,468,437,0,Home,Especially whom executive it do. Century miss ready.
0722fde2-2e8a-495f-924f-9c150abb798f,Cavaliers,Spurs,510,473,0,Away,Feeling treatment short election instead through resource future.
b56d6135-2832-4a26-be8b-2d817759ae06,Lakers,Heat,595,428,1,Neutral,Play threat company drive. Perform whatever establish nothing.
3a02da02-56ee-43b5-89a6-ec913411cb1d,Heat,Rockets,435,425,0,Neutral,Second until protect street think law. Between tend wife. Explain peace look most old.
1d14d497-eb12-4061-ad21-97cce6d0bed2,Lakers,Warriors,589,608,1,Neutral,Case pick indicate blood recent family according. Organization back food morning population both community.
700de8c5-9f0d-41f6-8711-1860d9c3b04e,Heat,Spurs,426,472,0,Neutral,Sort foreign letter state. Military amount idea involve Congress experience three. Style coach measure score place situation exactly.
2883a0bb-84f7-4fff-baa3-048cb34c359a,Warriors,Lakers,600,587,1,Home,Along data dinner society. Republican hot while wind structure send figure.
986dc42b-b288-403e-a15e-b1dbefe90db9,Mavericks,Cavaliers,468,513,0,Home,Born relate body question tax care. Drug guess decide career believe.
3593c542-6892-4375-841f-37829f5d4323,Warriors,Celtics,606,560,1,Home,East available Mr send key quality. Sport growth else lay vote concern difficult else. Foreign popular decision name.
72441ef7-eb1f-4b1a-8797-1b973c8ef3a3,Spurs,Heat,482,437,0,Away,About central through around business me. Next bad low. Consider should worry institution issue.
81ef750c-ae38-4348-aec4-fc98a3ed9ca9,Mavericks,Lakers,469,590,0,Neutral,During standard whether laugh prepare. Deal school development turn time. Any rule notice rock chair.
dcbe5191-6021-40b7-8a59-6856cb781c82,Warriors,Raptors,617,523,1,Away,Sit nothing leader surface necessary.
5952473f-5a39-4776-a003-629b773a9d9d,Spurs,Raptors,469,527,0,Home,Size beyond cell card me. Well that common talk.
f514b46a-9074-4707-a83c-41a309c7f5d6,Mavericks,Warriors,472,608,0,Neutral,Start all whether forget why popular. Own partner per artist next.
4614aab4-b080-414b-852c-1ce6075d25da,Spurs,Cavaliers,476,507,0,Away,Night town sign force. New study either seat smile however.
b054153b-5869-4028-af88-7dc4d04af912,Rockets,Bulls,417,478,0,Home,Be property point that chance. Trial market myself bar. Since this kitchen.
791bce85-315f-4e2f-8152-9f999695a46a,Lakers,Bulls,588,476,1,Away,Focus wonder member physical last memory camera. Nothing nearly whom discuss far thank.
02fc08a6-b560-457d-9498-56dcd9a2a7ac,Raptors,Heat,527,441,1,Neutral,Impact our skin exist Mr arrive discover gun. Himself treat rate memory institution class Republican lose. People matter certainly any.
1449d16e-e5d8-4785-9a20-cf40ec4534c3,Celtics,Spurs,570,469,1,Away,Tend raise account anyone. Western produce seek be chance.
ca2cbdb2-d8a8-4a61-954c-c088f342a6d3,Cavaliers,Bulls,509,480,0,Neutral,Of evening specific. Word these Mrs girl ground. Training throw color form church need risk.
1cdce8e6-3a83-4d20-a9c9-25d8fb9b358a,Rockets,Raptors,427,538,0,Home,Participant wife best sport hotel today.
aef21969-e5f7-4dec-aed3-5eab83b4bd88,Celtics,Bulls,563,474,1,Home,Town poor fish play ready at nearly. Course foot three face. Here heavy the stage.
8bf2cc0c-fd79-4a48-b7bb-6b5cb16447e4,Cavaliers,Warriors,512,605,0,Neutral,Senior lawyer friend support wonder policy left. Health billion share simple toward bad drive morning.
27e0d2d5-54a3-4fb5-b0c2-63d8310ddaf4,Cavaliers,Celtics,521,561,0,Neutral,Wall site herself resource member main system. Chance significant work personal issue education number.
b048d036-66de-4a0b-b2b9-abc4304d1768,Spurs,Heat,469,429,0,Neutral,Four here prepare gas. Building citizen stage its. Scientist wife price house magazine heart however series.
99294189-ae29-460c-b4ba-fae52fd82a26,Celtics,Mavericks,570,469,1,Neutral,Describe spend remain officer floor. President goal right bring. Under fly radio cold himself whose reach.
8181778a-1558-4bef-b883-0acafffdcfc0,Rockets,Spurs,425,469,0,Home,Might ask less trouble know near. Party measure there want present.
806539f4-848a-415e-81ee-0700c44c6ee1,Warriors,Heat,613,432,1,Neutral,Six role rule support. Employee measure determine call right. Today whom partner finish school soldier.
1e8388e0-adfe-41e2-afd7-ee26b5e9d335,Bulls,Celtics,479,560,0,Home,Maybe can scene consider quality. Sure behind president.
9bd4ab6e-bd78-4277-ac24-3a53015cce59,Warriors,Rockets,619,424,1,Away,No they age expert be. The when make condition.
931260da-8950-4aa8-bef2-489004c9b258,Lakers,Heat,584,438,1,Neutral,Particular country defense suffer night. Manage those in technology benefit moment.
99f5c41b-5a57-4796-b06c-1075eb0be51e,Mavericks,Spurs,464,482,0,Away,Young expect rule tree right group. Stop officer idea usually. From will less minute stuff write model.
ce627714-9530-40bd-a4d9-4f86f35c7e2a,Raptors,Warriors,525,599,1,Neutral,Sister well pay safe both whether. Research rule actually billion goal see. Law maybe throw treatment human become color.
103ed28c-3c65-46d1-a933-ef7a25ee884d,Celtics,Warriors,559,613,1,Away,Doctor bank street reason. Drug significant common social. Know almost guess side leave upon.
c6e634f5-4cd7-4a88-9a1d-65aaacad17b3,Heat,Raptors,439,522,0,Neutral,Law because perform myself well enter. Author part light practice chance down lay natural. Field thousand from him simple history eye.
66e4f707-6717-4c25-8a14-d8a0e2f532a5,Heat,Cavaliers,434,507,0,Neutral,Season spend these interesting food section. Pull listen senior everything.
8331515b-5d54-49f4-a3ef-544e2a6ffb14,Celtics,Bulls,566,478,1,Away,Poor lot floor could. True author analysis read option.
3c1c822c-39da-4470-af94-f4d7c218aa72,Celtics,Raptors,572,520,1,Away,Both history year company.
9848490b-73f4-4b82-8f62-7ab548c5a8a2,Raptors,Spurs,529,471,1,Home,Its example simply. Mother own positive build among occur. Any apply rise relate ball difference seven. Everybody effect mention yeah goal yard.
789a6601-9c99-41d7-9982-2c1a7a43ed12,Raptors,Warriors,527,613,1,Home,Energy so leg between. Modern relationship environment property once.
0076a107-3c27-4b0f-bc1d-fcefe8985396,Heat,Mavericks,442,460,0,Home,Pretty type upon there. Seat help democratic rule somebody executive.
1891b77b-e130-4006-abd1-956de73ffeed,Celtics,Mavericks,556,469,1,Home,Poor pattern happen few add population scientist. Husband although more listen pretty although. Begin state land detail our institution.
42959eb2-4639-4c53-9665-03d28811fb85,Rockets,Warriors,423,596,0,Home,Skill owner mind future product son traditional those. Sort stay draw behind receive bit. Hope agree garden able.
fae27342-41a6-4604-9033-839f86212773,Spurs,Bulls,478,479,0,Away,Whom leader effect laugh down alone. Five article each little economy gas simply. Occur project both sing daughter evening modern.
6d65600b-6a62-44a4-97bf-8c1fbf0ac550,Raptors,Rockets,523,428,1,Home,Six ball information work glass whole term. Condition agent source one campaign present serve. Number husband thousand not town.
05a2dd55-1360-41d9-b860-af3de314fd77,Rockets,Bulls,416,479,0,Neutral,List movement course. Them Mrs loss bar figure radio. Party culture little begin war her summer.
7fe6b60f-db2e-40fc-abd0-e0c3de62355f,Raptors,Rockets,528,427,1,Home,Stop probably management film pressure should table protect.
f7c33bfc-af26-4201-840c-cf3622ad3efc,Rockets,Mavericks,422,468,0,Home,Skin company century expect entire mission per find. Answer forget third.
fcfd2710-ac01-4b1c-bf20-38faaa9a7a74,Raptors,Warriors,523,612,1,Neutral,Away site use third newspaper bag. Service interest cause oil spring price. Age image risk agency stay.
c8ecb95a-7154-4300-b491-d19582026eea,Mavericks,Warriors,471,611,0,Home,Cold water maintain her sort direction various. Someone majority hundred stand field newspaper leader investment.
87194839-d208-4a01-b897-b9091f5606c0,Mavericks,Spurs,464,482,0,Neutral,Part none and action.
f6190ca4-55ed-468f-9b09-470bf60345a7,Lakers,Celtics,585,565,1,Home,Would baby our professor. Former born ability best wide.
eaaa0679-d833-4bdb-b34f-c7748f01720e,Lakers,Spurs,586,473,1,Neutral,Himself hot identify occur. Maintain same part responsibility ever major nation book.
c1e18dbb-a9aa-42ee-b302-bb84e2188131,Bulls,Cavaliers,486,516,0,Neutral,Charge tough friend what. Despite collection special study marriage investment myself. Full their each spend deal social.
f8f2c258-a4b1-4f20-935f-f770db3f0f11,Lakers,Raptors,584,524,1,Neutral,Remember deal chair culture. Part animal down chance. Story part push.
2a347ed3-5196-4816-aa38-bfdf64026dce,Raptors,Rockets,530,432,1,Neutral,Three score drop story enough senior. Hear experience positive or wrong indeed. Involve instead economy country parent bring happen. Happen total speak message management.
3452eb05-e72c-4486-abcb-a0fe36753401,Rockets,Raptors,417,533,0,Home,Suffer cultural available sort hold matter animal. Well less city affect eat rise. Fine purpose we lose.
de9e8cca-3560-4f19-bc26-f1e88aee5879,Heat,Rockets,432,426,0,Away,Maintain everyone they success character minute.
cb4fa4bd-1ed5-4dbc-bd2d-88ea5aa6ff69,Celtics,Lakers,578,591,1,Home,Successful rate stay experience answer skill social. Position ago society resource home something career. Bed garden teach stand.
200ac90c-8354-4aeb-8f2d-1ac4038a0a8d,Cavaliers,Heat,514,439,0,Away,Happen try available area present. Apply final usually type.
c89df16d-2a86-47a5-905c-0257a6842abe,Cavaliers,Bulls,521,478,0,Away,Listen fill prove some night. Hear peace something them imagine decade. Rather goal woman about participant hotel word likely.
5e9753a0-1f98-4d4a-9770-630e8dafb977,Mavericks,Warriors,471,611,0,Away,Second address performance respond it remember. Inside study drive.
2ce3fd8e-7928-41be-a8fc-840f88fef86f,Spurs,Heat,473,431,0,Away,Answer reason show economy else choice. Many approach stay sure management tonight. On strategy Republican second method. Black option raise off here practice point.
ce778cbd-529e-48b8-a815-769eb0629b25,Warriors,Heat,611,438,1,Neutral,Director candidate sea together even perform doctor. Green particularly your here society. Add local sing very hotel.
33b5e5fe-88a2-4d55-a363-341dc9187400,Raptors,Celtics,536,562,1,Away,Small sea cost relationship lead reduce particularly long. Large teach first exactly program bag.
26cbd422-2569-4a70-983e-a95e17411d00,Bulls,Raptors,472,526,0,Home,Provide support cut trade city glass. Against add run community every.
77914642-8d26-40e7-9362-d44ea379e10c,Rockets,Raptors,429,527,0,Home,Seat break clearly southern build. Bar here body end. Seem ground himself else away break present.
dba09580-cc59-4010-b83e-a79d4693ed71,Warriors,Celtics,601,560,1,Home,Spring structure oil statement society late treatment. Kitchen century see understand others bill party mission.
95c482cd-9978-4f95-8799-d4a1a72d610d,Rockets,Cavaliers,428,514,0,Neutral,Health heart forget against experience. Speech themselves window medical from.
fd87bf7a-80e9-43df-8ee4-7311613b5494,Heat,Bulls,434,474,0,Home,Word public since water word different. Myself keep fly business cause agency. Business professional investment style detail over need.
64ed338e-c7d8-4d6c-90f1-fa9d07d9290b,Spurs,Heat,478,437,0,Home,Right series put section. Clear become wife certainly analysis rest authority. Area evidence success money at practice law.
e099b84a-eee0-4c19-8ff1-712ebe862d07,Warriors,Raptors,598,534,1,Neutral,Meet culture idea national garden threat.
609984c3-f0d4-4dc2-8bd5-05309e94c07a,Cavaliers,Raptors,507,531,0,Away,Mrs good gas international argue. Strategy above already stock decade police nearly.
8e2ac56e-5d94-4fe0-a223-5fb17571b005,Cavaliers,Lakers,517,591,0,Home,Rate run the professional these. Though main turn which officer world there.
f961f5a6-8494-4df0-820f-8f17b6a3c7c8,Heat,Mavericks,427,473,0,Away,Decision even occur back level. So second return.
63a60f20-af4b-42e0-8e3a-075dc451fa79,Bulls,Rockets,475,426,0,Neutral,Blue quickly personal just born. Heavy fill ever quickly until office. Create apply yourself many consider trip.
7738b558-3093-4d4b-9090-7e6c3451c6d9,Spurs,Lakers,478,582,0,Home,If cover series return Republican. Mind pass feeling since somebody short pressure. Want middle use avoid.
c04d503e-d7bc-4ecc-a6d9-eb6dcb3e3c9b,Rockets,Raptors,417,534,0,Neutral,Strong budget figure option. Doctor treat good himself.
b44ff9b9-4170-4ff8-9142-ec2a41f3d83d,Cavaliers,Rockets,519,422,0,Neutral,Because medical happy young. Success they apply. Parent leader born lead read.
71ef44c8-4ba4-41a8-a2fa-3134ac96b25d,Lakers,Warriors,582,615,1,Away,Bit husband mission. Leave item unit break front ok draw. Civil exactly adult range fine end.
224386d5-9362-4219-8558-291f870b8b3b,Warriors,Spurs,606,477,1,Neutral,Agent baby same drug. American travel team. Represent leg explain usually or.
2e04ab27-fe89-45bb-affc-109c52e9aea1,Spurs,Cavaliers,481,519,0,Away,Discussion thing realize ask. Would middle agency glass. Issue family during despite.
b47d60bd-0c22-4437-bc7d-0424a8ff410b,Lakers,Cavaliers,581,509,1,Home,Campaign long stuff some. Morning discover our nearly speech. Yourself star institution affect age.
2e63021e-d7d1-42aa-a5c9-75bbcc550d84,Mavericks,Raptors,463,523,0,Home,Full what water leave. Foot with specific rather play woman produce member.
c725f907-2a3d-4831-8070-7f65b96f2ef6,Spurs,Mavericks,475,468,0,Away,Two western appear painting level identify least.
6cd6c872-35c1-4749-b6fc-a06db36102ae,Celtics,Cavaliers,561,507,1,Neutral,Administration per owner behavior. My hear provide quickly several article allow. Claim late left sure. Inside suddenly degree situation woman pull respond.
5e300b24-049a-4e33-934c-60360a754954,Cavaliers,Mavericks,517,458,0,Away,Believe summer what near rock maintain during. Land theory result become new produce success.
2b7603fb-1533-40e1-8ed4-4ab64b3ea81b,Mavericks,Celtics,460,559,0,Home,Upon consider but player traditional ever.
c43437a5-7fc8-471c-953b-8553df7db320,Celtics,Cavaliers,555,507,1,Away,Center knowledge man recognize. While military newspaper answer look poor. Present attack morning right cover return.
b6ad61a2-25b4-4558-a05e-7a1cb4a21691,Spurs,Mavericks,477,468,0,Away,Product west talk nothing. Last piece popular more. Long because hair center middle leg.
d175635c-a95c-4c34-860f-eaae45faad67,Warriors,Rockets,610,422,1,Neutral,Happen statement effect pressure. Game hotel inside together at rather mention.
cb45f02c-e7d6-487e-9f6e-160df62cb034,Raptors,Heat,536,441,1,Neutral,Hand wear across during capital everything education. Church wind exist brother of. Western just threat significant.
79c3fddc-1841-48bd-9061-54838565710f,Lakers,Celtics,592,566,1,Home,Think matter apply along form. Carry on your sort season contain try. Page rich through control.
4e9f845d-b296-4a42-9dae-4b852bd7260f,Warriors,Heat,613,442,1,Away,Hard over member after might at performance. Produce onto back quality.
4ca66069-a374-4340-b0b4-8adcf2540a75,Raptors,Cavaliers,523,517,1,Home,Keep traditional such practice information however relationship. Such occur never term.
b1aa6fe9-2242-458d-bbb1-7790014ea20b,Mavericks,Raptors,470,530,0,Home,Sign drug green hospital road herself. Speak up accept trip mother.
6e93e38b-1712-4e14-94dc-5542aeee6b83,Spurs,Heat,469,439,0,Home,Blue food hit peace area understand particular. Resource film marriage listen when. Bring report six administration.
e653e9df-7ad8-4e26-8cbe-d6e7fa81e358,Heat,Rockets,433,425,0,Neutral,Task particularly important could thing. Important president none let city and reveal practice. Class send statement until.
437a4e4b-19f4-4a62-862a-c98bcffad806,Spurs,Mavericks,478,470,0,Neutral,Rise able research building success coach employee. Hold stay growth parent east first growth.
769a6b36-3897-404c-a965-d3463ebfdf60,Raptors,Cavaliers,534,510,1,Neutral,Market game commercial administration. Wife have agency hit beautiful.
c02071eb-31f7-4c93-aeab-8833bd6fee1e,Mavericks,Rockets,462,425,0,Away,Opportunity even official though happy. Personal fact after.
c406b30b-584f-46f9-918e-5e99aae41766,Lakers,Heat,589,432,1,Away,Tough true once chair. Theory senior none affect. Far shake person five. Participant memory knowledge reflect.
7274f74f-683b-4e75-a2a3-b97088eb5013,Celtics,Cavaliers,566,509,1,Neutral,Never seem range old. Agreement low budget choose market.
97c8bff0-1d7a-412b-b4a5-7de57eae9cdd,Rockets,Lakers,434,594,0,Neutral,Maintain deep improve door collection investment. Set including appear group serious. Major memory ago finally. Surface two protect side there remain.
2dbb8e21-7d10-4952-9239-f387a17fcd4a,Cavaliers,Rockets,515,422,0,Neutral,Finally meet while. Follow deal second affect American. Try firm mother hand better able.
a0d146dc-65c1-4150-a081-a22c184c5518,Mavericks,Bulls,469,476,0,Neutral,Fight wife physical food like. Per environment age more happen store. Above moment throughout resource yet writer.
bed5521a-cd84-45cb-aa9a-2602663e86f4,Lakers,Raptors,584,523,1,Home,Weight put decide. Painting something someone public fear sign sit.
66345665-aa1e-4a1a-be5a-eed34504729e,Raptors,Heat,528,430,1,Home,Car remember good too pick wait type.
a259bb82-9c43-4f5a-84db-ddc5a8d65066,Bulls,Lakers,485,585,0,Neutral,But last memory despite size. Enter might front tough imagine every challenge sort.
284b4d44-fdab-4faf-b38e-3fbf6e7d6764,Celtics,Rockets,565,427,1,Home,Material plant say edge modern at. Occur save movie now beautiful.
01d12fc6-8d0f-4faf-a1fa-92ea48e788c9,Cavaliers,Spurs,515,478,0,Away,Spend sign part leave on. Level specific performance reflect person reach.
b8ca4829-d066-4dbb-b3ba-93ee1dedeaa3,Warriors,Cavaliers,613,516,1,Neutral,They them condition think break service million. Success operation religious. Pm data special able science whether.
81535de9-403b-4109-bea1-66e9f6abe8f1,Bulls,Cavaliers,478,515,0,Neutral,With radio street pressure. Dream fast by executive. Director energy appear billion sister whom appear father.
11953e5a-3e01-43fa-878f-5b372d96b40f,Mavericks,Cavaliers,473,523,0,Neutral,Other character positive sign owner glass year.
cbbd7561-5a78-4d93-8732-79e247b5c779,Lakers,Bulls,581,479,1,Neutral,Good capital production family.
44e90a7b-2f2a-4466-8da0-7f0875700057,Bulls,Mavericks,476,475,0,Away,Resource win ever available.
f6daf4d1-4cd8-44b1-aeaf-dc4dfa460bcc,Cavaliers,Mavericks,515,464,0,Away,Adult move structure them send data. Miss current himself lot day sense. Herself lay step military.
e0fa7224-cae8-4d86-8c33-f200519c8245,Spurs,Warriors,486,605,0,Away,Woman authority strategy president return by. Resource rate baby.
ffb1ef5d-3a3e-49f5-96dc-9e958557fc11,Raptors,Spurs,532,474,1,Neutral,Good long party out let itself. Control anyone develop movie recently attack article.
a2a9fca7-f6f0-4f4a-871a-898f836e67ae,Spurs,Rockets,476,415,0,Neutral,Finish able almost pretty face. Culture identify man best suggest attention democratic age.
b51452a9-0ce3-4d9c-984a-0ed65254393b,Cavaliers,Bulls,508,475,0,Home,Recently blood question Mrs. Middle throw final team agreement party.
7013858c-a492-4b3c-9fd9-4798b08298d7,Rockets,Mavericks,419,472,0,Away,Value service mouth nearly example. Senior government occur direction suddenly.
a29f5b5a-c398-4506-85b9-cdfb518f94e3,Bulls,Spurs,476,480,0,Away,Certain set inside knowledge. Machine fact popular forget. But church seem stay know.
04dca7c4-aa4f-4243-8d5a-476019b6c37b,Bulls,Raptors,480,533,0,Away,Challenge again thing commercial community build occur. Nice individual far another difference consider common.
df9f911b-5c82-4fa4-b023-5ba70ff9f8ba,Cavaliers,Spurs,508,470,0,Neutral,Hospital word time produce let political. Ok some street officer discuss company set. Simply myself right perhaps account.
68a8688f-2fd3-42e7-8d17-8e9724e70917,Rockets,Spurs,440,482,0,Home,Hour eight much organization officer them. Quite sing now shoulder here color. Space fund purpose direction consumer material. Security part language me term think particular.
9cbd0473-2ad3-4693-93a3-c4cf7171037d,Mavericks,Raptors,461,530,0,Away,Why explain all president major. Media report place his.
1abf2fdf-393f-412a-9e18-b8aa5c534a0b,Heat,Spurs,437,474,0,Home,Technology until reason with. Pay mother shoulder pattern.
4a3038e0-5e66-4a90-b1a6-30d0f7645f64,Rockets,Lakers,427,588,0,Away,Protect drop recognize that purpose operation green. Including trial wind get career. Follow hotel create fine culture plan.
be388277-c94b-4e9a-8485-1271af0770f8,Celtics,Heat,561,430,1,Away,Continue model TV low around hot. Lawyer individual less real game friend before knowledge. Ball night explain close series to top.
3180450c-5a3b-4e83-a6be-aa04e4f9d58b,Rockets,Raptors,440,530,0,Home,Minute several draw win decision that. Call with seat traditional. Key wall less be charge property your.
3ddbf6d8-b574-4622-98dd-7f3296e027bb,Bulls,Mavericks,482,470,0,Away,Reach situation significant. Somebody six imagine green out rest.
c52a5540-8edf-4074-8286-76326d92a552,Raptors,Rockets,531,435,1,Home,Operation on begin officer operation among. Help left eight first ever government ability. Player letter better toward strategy management.
c4143968-cfd2-4728-8ff0-1159b0d03dc6,Celtics,Rockets,565,420,1,Home,Expert night discover really idea. Final task yeah.
df91fb02-6c9c-455e-846c-16332c5a1552,Lakers,Mavericks,583,465,1,Home,Home mouth skill political personal appear sort.
cc0c88ea-4c12-4337-99ad-6814058e5974,Bulls,Lakers,482,592,0,Home,Bag network democratic lead. That technology rich language article hear.
ae80f94d-baf1-4004-8ff6-6a7cc0673838,Heat,Spurs,434,472,0,Neutral,Specific growth pass single list issue add. Voice relate take oil.
a0184faa-6b71-4729-8b8d-a5a287703211,Cavaliers,Celtics,510,561,0,Neutral,Wall eye score read remember prepare now. Later maybe want floor want bag. Soldier computer as public deal.
024b21fc-8004-48f6-8273-b9811103ec59,Warriors,Lakers,611,581,1,Neutral,Level perform onto public.
01bf4255-97b2-4578-8e4b-f62d2e41a26b,Warriors,Cavaliers,614,522,1,Neutral,Great side another hour agent Republican.
fff45048-d359-419b-8622-1f3232f93493,Cavaliers,Raptors,502,537,0,Neutral,Home go stop. Happen although compare from. Any imagine drive deal rule.
143348ca-a627-479f-9975-f92aa21a6fef,Bulls,Spurs,473,478,0,Away,Green national music exactly right woman want. Whole also yourself act stop great. Before attention method. And idea from entire religious audience yourself part.
5022da90-cd59-4fb8-91ef-eb21264355d9,Rockets,Lakers,425,589,0,Home,Dark organization especially response scientist practice. Peace front between prepare himself.
3513608a-c4ee-4632-b3b7-0e02d5a4850f,Mavericks,Bulls,462,478,0,Neutral,Woman great room sister. Issue too strong billion tend.
d7f8d981-9c04-42e8-8889-82a1006dd269,Lakers,Bulls,589,473,1,Away,Fact wonder yet. Successful arrive must down step. Role I buy raise item seem forward.
fb158721-d65d-4bb4-a55b-04aa249c88e6,Warriors,Lakers,604,591,1,Away,Apply human usually effect. Issue perhaps technology author lay girl sister.
e736dfce-31e2-4d48-a72c-2b7f099b4a62,Cavaliers,Warriors,510,609,0,Neutral,Discussion particular with forward culture management. So store main remain.
9f6f2f73-bab1-4d1d-8b24-be8fb2a0c56b,Rockets,Lakers,424,587,0,Home,Last would detail nothing TV whether a behavior. Explain produce oil defense development although. Dog such play question.
cc528457-8b68-477e-ba33-c7031aa27673,Rockets,Celtics,419,570,0,Away,Oil price opportunity ever figure less. Case student space case prevent. Smile finally whole structure.
bc309a24-5040-4fd9-8449-a4f8cac29b71,Rockets,Raptors,426,537,0,Neutral,National strong marriage understand send range ground authority.
3dafb492-8323-42b2-9a3a-d0dd370ce669,Raptors,Mavericks,530,467,1,Away,Attorney by worry fall. Accept religious skin fear crime reality why language. Arrive thank east break Congress attack ground.
670c0e40-e4e4-44a0-97a5-7b9f40514441,Warriors,Mavericks,614,464,1,Away,Card fast almost television condition guy. Day office today kitchen learn compare. Skin plan authority either data she.
4d99aee8-57fc-4a6e-8d49-8259d8ae461b,Rockets,Bulls,424,473,0,Home,Impact suddenly option black smile parent. Spend its join situation public tend wife.
4fe596d9-389b-4c46-9885-8e355e7af91d,Spurs,Warriors,482,606,0,Neutral,Recent ago decade will picture speak. Worker everybody its what. Performance me wait main daughter.
95c79794-1a54-483e-8ab2-9ad71e09716e,Cavaliers,Rockets,512,429,0,Neutral,Table say since government exactly. Reality child figure actually situation stay thank.
8c971ba5-e173-4ac2-ad75-af2f1eaa9a9c,Warriors,Lakers,606,589,1,Neutral,Carry state kitchen term address outside hair.
26c28cbc-4eb8-4c35-a5b9-2c6bae82f06c,Spurs,Rockets,473,416,0,Neutral,Forget deal receive onto seven discover responsibility theory. Himself young big head. Child price food type address.
dc24608f-8443-4009-adc2-39739612f5a5,Bulls,Warriors,474,603,0,Neutral,Court concern industry teacher can product generation him. Character cause truth stop.
18159212-4f31-489c-8ae4-f228e0dab591,Heat,Cavaliers,433,509,0,Neutral,Bring different cost staff town. Always available cold carry start common.
ac3356fd-57a6-420a-a2c0-07c5a40976ba,Spurs,Celtics,480,569,0,Away,Many force save medical whole soldier. Charge modern investment growth down garden between. Often reveal nature about. Together great source role anyone sport.
eb407b8e-5dbb-4300-92eb-8187b1d35c70,Celtics,Bulls,557,476,1,Home,Five cost student study people. Difficult travel strategy wish dog exactly including what.
d663e39a-9143-4a69-a486-e05b536b180e,Cavaliers,Spurs,515,479,0,Home,Kind speech board. One energy inside yet happen. Own statement pretty.
a0034419-dbe1-4e04-9369-feb20aa40b61,Lakers,Spurs,588,478,1,Away,Among little sell certainly add. Fight easy peace economic pretty skill. Way however their his officer.
3f858e0b-bb10-4bdb-9336-568f2aff8f00,Bulls,Raptors,481,532,0,Away,Book share result range beyond him international. Around possible option church owner leave company. Marriage image recognize often recognize right.
68b8519c-0011-4c5c-80b5-183910693b8e,Spurs,Rockets,483,427,0,Neutral,Score amount sort to section speak. Lay phone action.
aedd73fd-8cb0-4dc1-aec0-21417e98861d,Mavericks,Lakers,474,591,0,Away,Something more rich similar himself. Cover growth room teacher rest report hair. Run gun pick edge instead white quickly.
b345fb05-bbbf-4e86-84fd-ebeeaba69024,Spurs,Bulls,473,479,0,Home,Stop nothing practice enter option bad people. Green loss authority represent baby. Lot along management official major fall cover interview.
e3757989-ef48-4727-b814-54e1705c4f7c,Celtics,Raptors,563,530,1,Away,Focus than best. Senior will choose realize support. Least mean from gun hold through.
c83cb752-fb91-46d7-97e3-7ed30131ff98,Warriors,Cavaliers,614,513,1,Neutral,Enter film hold the. Including beat reduce follow sister sure. Daughter seven else society mission.
e41148f9-e578-4d33-9cbb-918659dc5d1f,Raptors,Rockets,523,427,1,Neutral,Top recently stand four. Sister administration go study live voice through.
8e4c94a2-00b8-4058-ab18-2e778b46607c,Celtics,Spurs,561,471,1,Away,Energy sell build see even. Game myself response quite major base art.
651ddf04-9843-4b48-90bd-4a7f894c27bf,Mavericks,Bulls,462,473,0,Home,Anything arrive coach see truth then. Us chance present behind save look beautiful father.
1b230105-e1e1-47aa-8734-19d0e4019047,Warriors,Raptors,602,528,1,Home,Describe west officer. Sign maintain smile like community phone whose.
6fb6d24c-7aec-4610-9a3c-e0e6f57d86d1,Cavaliers,Spurs,507,483,0,Away,These meeting road voice very dream. Participant yes kitchen six.
ecc1361a-1884-4ed1-903d-4b009640febc,Raptors,Cavaliers,533,508,1,Neutral,Whole simple meet debate find hair. Official say create.
517b9972-4b09-4a14-8869-34a42f4cb1ca,Bulls,Rockets,472,429,0,Neutral,Stay deal price wife particular inside. Carry reduce share bit. Bank discover western player system help someone. Perhaps tree actually blood.
6567690a-3de6-4ce0-b695-c34d15d9a4ca,Mavericks,Celtics,470,556,0,Neutral,Example cause scientist. Study support gun eye.
f4312fcc-e9ec-4c67-ac02-d518fcb5311a,Cavaliers,Mavericks,515,463,0,Neutral,Information most leg. Heavy difficult hand nothing eight. Statement hotel protect behind carry.
60f6118d-0e02-4f64-b6d5-19f789031dfe,Spurs,Celtics,469,567,0,Neutral,Nice nation term. On benefit cost long key throughout reflect.
12315d10-4ac7-42fe-8db4-de5a38b4f8da,Celtics,Lakers,565,591,1,Neutral,Trip above forward western get. Certainly doctor break during.
92523033-b6bb-45a4-941a-bb402fa3ba51,Raptors,Bulls,531,479,1,Neutral,Image order eat contain check certain. Talk question bad amount. Media everyone add cost some information.
c4e36c29-9600-43a9-9751-0080ae5f9d59,Raptors,Warriors,523,599,1,Home,Fine how before here actually interview than. Six within themselves as.
b8e1b1e5-0880-4ddb-bd33-afd0fe36b616,Spurs,Mavericks,468,468,0,Away,Gun wonder fly grow participant. Growth method appear range but wind. Now per mean involve.
fa959e22-cfd0-4bbd-8503-b80fbb1c8ab1,Celtics,Rockets,566,424,1,Neutral,He mind politics happy team left positive. Writer animal determine unit president. Out soldier PM fact small choice ever.
904f1040-a342-4480-8577-f8d2eeda2654,Mavericks,Cavaliers,471,513,0,Home,Him development Congress town field sing citizen. Drop close add right traditional see. Offer next specific than.
b2f2abde-a31f-4482-9a1d-54fc50fe6aa9,Raptors,Cavaliers,530,504,1,Home,All feel service spring program movement. Just job year develop. On whole administration.
8bb2d6e3-7d4f-477c-b03c-76b254c4f455,Cavaliers,Warriors,515,604,0,Neutral,Break similar sometimes whose. Bank director agency but several field news sense.
437e250f-9386-4316-8d0b-0ce7fd79e20f,Heat,Raptors,434,527,0,Neutral,Number most six story. Long right maybe along. Leg yard world food. Throw support character about goal challenge appear.
79d0550f-5229-4d96-b5c6-1a1743db36ef,Lakers,Mavericks,595,473,1,Away,Participant security be no far think middle. Make cover small break. Wall look least course one lot.
bc355c6f-4ec5-4a12-ab75-ea68a02ef6aa,Rockets,Lakers,428,594,0,Away,What specific leg anything east strong. Strategy six son professional resource.
c3cef1e3-e6b6-4ecc-a320-369d355814e8,Rockets,Lakers,430,598,0,Neutral,Certainly inside husband result study article service. Avoid education myself.
ecf24f11-be6e-45ba-955e-1ba97de6b75a,Bulls,Celtics,479,568,0,Home,Decision likely right black. Return have fall where later claim once. Serve citizen small Mrs. Director arm oil five become.
442cd75d-04f1-4585-97ee-99265d9d0a44,Heat,Spurs,434,474,0,Neutral,Nearly name ok media five father determine. Send traditional various clear human. Movie reflect trial me this prove area.
9fc7e10c-5e28-457d-8b63-f0586fd3ee9e,Celtics,Mavericks,558,475,1,Home,Establish hand tree seat moment design sister film.
f495936b-ddf2-4181-b0f8-420f08c0cb66,Celtics,Raptors,555,530,1,Home,Claim boy culture school garden. Foreign leave several exist sound. Join city rise follow. Business simply miss attorney control.
f5b4fb27-c047-4fba-8050-feaedb916360,Rockets,Cavaliers,428,516,0,Home,Today price item consider career style particularly sign. However their series show.
0a59ed57-4bd0-4699-8c99-b161f02146b7,Warriors,Cavaliers,609,521,1,Away,Nor need try it memory. Commercial here appear add measure modern.
a4fb6b21-4a1a-4a53-8c6f-64b5fd303ff4,Heat,Raptors,429,535,0,Away,Performance rock bit structure industry hard role. Article religious use sing senior. Number total deal movement same on above.
07713cf0-2bca-4278-b6b4-63ba7cd1420a,Heat,Celtics,434,567,0,Neutral,Present sing purpose ask sea. At southern land open local today strong.
8ced5826-4fde-47fb-8b12-99cde79cf6ec,Raptors,Warriors,524,606,1,Neutral,Let well least. Less different indicate professor land cold. Under course every hotel school TV decade.
2c43aac4-b2ae-494c-928e-bc30c9f90c48,Spurs,Celtics,484,565,0,Home,Let amount also movie. Teach team impact reflect fine. Management kind consider office.
a7b3030b-f07f-436c-acba-331ccb4bca1b,Raptors,Heat,538,431,1,Neutral,Degree human many seven opportunity traditional. Any expert matter establish. Happen stuff listen store establish.
dd85ed75-a78a-43f9-8ab1-ff6621b5d9dc,Warriors,Rockets,610,433,1,Home,Change off carry water fast before. Sister why adult north speech gun.
19c0a36e-fe26-4d61-99ad-956b18e061d1,Lakers,Spurs,590,478,1,Away,Seat marriage beyond environment factor machine each. Matter tell listen see suffer chair executive.
44d6a9ad-6703-4200-8831-2ec4bbc3c563,Raptors,Heat,531,421,1,Neutral,Play sign follow president. Low any glass down degree discussion recently risk.
9a4b9987-58d9-40b0-b506-773b172326ec,Heat,Bulls,435,472,0,Home,Stage less information establish offer glass together woman. Story government cut ahead.
ffd470d5-7ce5-4aff-a129-15383f884aa8,Cavaliers,Spurs,511,484,0,Home,Together country investment rich. Our floor main care walk management the. Song stand expert single manager deep.
b155f35e-d56b-44a6-ab5b-4b4c08931cce,Rockets,Bulls,423,477,0,Neutral,Thus speak section police finally decade term. Increase free story from table bring.
141e99bf-7c26-4f22-a625-d3b4048192c4,Celtics,Lakers,560,589,1,Neutral,Anyone former onto its claim exactly majority. Career fear give sometimes true morning wonder. Person discover down possible opportunity six surface. Away smile speak worker network.
ae9e06fb-d4a9-4292-89af-d0ebc7ceb18e,Heat,Lakers,428,591,0,Home,Kitchen almost spring coach feeling bank risk.
ca4b1a85-6c53-49d2-bf89-cde03e25ff5b,Bulls,Celtics,473,567,0,Home,Scientist anything short. Whole likely great history yet here however usually.
db400d11-b15c-47ef-ab2b-094c797aca0d,Mavericks,Lakers,469,592,0,Away,Range pull move follow set. Clear role mean drive. Class medical sometimes campaign purpose here stand. Job when cause dream.
dc528f14-3465-405f-9246-3e4bb11a27a2,Mavericks,Lakers,470,585,0,Home,Seek by it long customer remember name. More movement letter best himself financial style. Pretty report success huge discuss. Future they last couple do ago.
41f90af5-faf4-4ac8-ab9e-737392fbaecb,Lakers,Cavaliers,587,508,1,Away,Travel find water finish play wish form democratic. Step trade toward myself both third try. Trade defense somebody just.
b8257248-1b81-4f0e-8305-a9387ae151b2,Bulls,Mavericks,470,465,0,Home,Coach site if analysis agency. Public it laugh me activity. Leg two seek include prepare born. Town professor new expect.
1483f353-20c8-4031-baa7-77fc484f71be,Lakers,Bulls,586,476,1,Neutral,Fish energy can plan future there. Risk part box.
ea5998a6-82fe-4719-8a50-1fb73de981ea,Rockets,Bulls,427,482,0,Neutral,Report group something play tell. Experience discussion prevent week among although.
bcc89bf1-a8f7-4c46-bea2-247ac29de5e9,Mavericks,Spurs,461,471,0,Neutral,Team senior down your imagine. Message clear from money.
68936096-31bc-4346-a06a-6d4bbd223fcb,Mavericks,Spurs,466,472,0,Home,Focus test focus everyone positive. Right former debate almost source note.
23f5205f-b357-4bc0-9d7e-71a66a9b0432,Rockets,Warriors,423,610,0,Neutral,Traditional because build bad professor treat paper decide. Article very song book black perform. Institution case spend feeling environment against.
6794f989-3758-42e2-88b7-5a3595fcf47a,Raptors,Bulls,525,475,1,Away,His often religious blue training oil. Amount author own.
1bf8e8d1-db22-4fd0-a44a-4e5dbd2d2b3b,Rockets,Spurs,425,471,0,Home,Simple page sing she middle. Again common television seem believe recently. Night book drive someone.
41a4b363-e93e-4f8c-9e00-569c2ebe563b,Raptors,Warriors,519,607,1,Neutral,Up wind then.
0191b4c4-7d60-4606-9975-3045ec3bd21e,Heat,Mavericks,435,481,0,Away,Finally stay season music.
19d4f9ce-6fc3-40c6-bc48-9d380aabf41d,Lakers,Heat,583,434,1,Neutral,Degree I present tend. Animal thing grow someone quite red sense throw. Back car example low film its cut.
608f658d-38bb-4409-ac7c-23bb12e77b2f,Heat,Mavericks,434,463,0,Away,Morning five lawyer large site minute. Field identify professional.
e2ccb0c0-5256-4e6c-84f3-bf2017ad72ab,Heat,Cavaliers,431,511,0,Home,Minute sing join bar. Hard hard crime throughout give.
6f0adaab-fb68-4e1c-9c01-c96e417e50f8,Rockets,Cavaliers,434,510,0,Home,Middle us night development number matter. Few realize reveal.
bf040487-4cd0-4576-a1aa-b00aa0d273cd,Raptors,Cavaliers,532,514,1,Home,State wonder end finish age. Significant skill plan hard me. Walk partner responsibility generation read by see month.
6f96925e-cc29-41c2-b65b-3e44585ded0b,Bulls,Spurs,479,466,0,Neutral,Professional former energy. Perhaps senior meeting. Law thank else hand.
3c1b103e-e1f3-42b2-b7a7-f02af0c96546,Warriors,Raptors,613,528,1,Home,Same start condition both. Night help war next image likely fund practice. Put despite at total size whom.
6203c04f-7490-4d80-a12a-21570326ff0b,Raptors,Heat,528,443,1,Away,School service learn and life move. Hard house rock back nearly.
14c36b68-638f-41c4-8a38-2648f7a674a3,Raptors,Mavericks,528,472,1,Home,Professional all without amount environmental second blue. Real knowledge reduce minute machine. Rather eye build blood southern.
6e9bf876-6809-449e-86ed-9d219d94be15,Heat,Bulls,426,473,0,Away,Live book bank current I remain teach. Phone assume collection policy it.
03aba555-1a17-48c0-9d1e-bf121befed49,Bulls,Heat,476,433,0,Neutral,Sign account meeting black culture feel. Red indeed receive. Life understand when.
e0d9f242-8332-4817-8d33-c8e8ec60e211,Celtics,Raptors,572,536,1,Away,Society play fear instead. Almost growth result field question keep.
d29430e2-5808-494a-94d0-818b0638dc0d,Celtics,Mavericks,561,469,1,Neutral,Unit part such its institution. Black together we with worry. Hard major any hospital should their base make.
0ae34944-b7c6-43c5-92ed-20435a13c589,Bulls,Lakers,485,582,0,Away,Floor significant street democratic election question amount. Local best attack human.
1c072ad2-e103-4971-9175-5c1297591bb9,Heat,Lakers,429,585,0,Home,Real top western material free skin. Laugh but dinner cultural without teach federal. Dark president country.
dd0e3c4a-616e-4879-b3c4-ae8f7e982749,Bulls,Mavericks,474,465,0,Home,Stuff learn enter benefit quite catch step unit. Board western heart why hot hold tonight. Rock Congress answer. Listen structure change as.
27057883-593b-4b02-b1b3-7b8b64d3d22d,Cavaliers,Bulls,516,472,0,Away,Team under similar move officer. Keep important gas book.
486ed0b9-b130-4acb-bc02-ac45cedf2672,Rockets,Lakers,431,585,0,Home,Power people thousand including meeting use board. Call or her trip standard number coach heavy. Water decide catch if decision administration.
8632c61d-a287-452a-8203-f0a38fe77e3e,Bulls,Celtics,476,568,0,Neutral,Water pass act public. Decade only future matter choose medical result.
7f7fb96c-dea2-411c-83cc-1c3e243771b6,Cavaliers,Bulls,509,480,0,Neutral,Political body teach position war bag foot black. New run enough beat pretty early big job.
ee3c2a50-14a1-4f6c-bbd6-c99aec985c2d,Mavericks,Bulls,471,479,0,Away,Last over decision goal world southern people. Author live believe it myself always employee.
b8466053-dd6b-4304-bb14-6a7527044e45,Bulls,Mavericks,473,463,0,Away,Enjoy be feeling fine chair leader. Art know hope toward.
ce86eb9a-6b7f-4499-9025-5c6041d667c2,Rockets,Cavaliers,431,508,0,Away,Fund charge recent side. Information several perform mind quite record. Peace tend best strong focus man six. Force trial write sure and for read house.
e9e21ce9-c9e9-49f7-b1cd-05ead81bfcd6,Raptors,Spurs,518,473,1,Away,Agree various medical whom because reach. Return anyone level change.
ceb68ab3-d972-49a5-a0c3-88e390f32a91,Rockets,Heat,420,429,0,Neutral,Cup cause half marriage quality. Degree eight relationship college note.
9d02a999-ae3c-4af1-8f5a-d8384146cef8,Cavaliers,Raptors,513,527,0,Home,Receive plant nature decade mind first. Candidate policy cultural enough hair yard person test.
253e2254-6e6a-4489-a32b-e7c3b8ae56c9,Cavaliers,Spurs,501,473,0,Home,None night style. Southern believe ok mind. Door establish join item whole.
f92aa4f9-6233-4091-a712-fbfa7c82f1ce,Spurs,Heat,462,432,0,Away,Inside trial hair.
7ab22583-49a7-45a8-a1f6-f0ce0caf0475,Lakers,Rockets,595,423,1,Neutral,Dinner community if section. Husband media include which. Care treat open recognize media send glass.
1c17538e-ab73-4e5b-b5c0-716ad24e2e01,Warriors,Lakers,609,577,1,Away,Baby group career her theory choose send. Assume week prevent best generation coach discover. To project simply close.
fc50b7bf-fc6c-49df-a6b3-b4e8570cc937,Raptors,Heat,529,437,1,Away,Heart brother military allow choice explain positive.
8606ecc8-5df2-4078-9982-d99d352363bb,Warriors,Rockets,598,434,1,Away,Whatever music section admit for them. Full find any themselves shake career. Pattern also available.
20a04bb6-455a-4f86-8765-83e36f907f9b,Bulls,Cavaliers,479,511,0,Neutral,Tonight special participant popular serve speak sport. Or black them official beyond.
fe7f0fbb-53c2-4b62-a70f-92f9f505db5b,Bulls,Raptors,474,530,0,Neutral,Really career job her deal forget. Spend fund meet land.
929d760d-5b19-40a5-a930-d37e98fd9238,Spurs,Rockets,479,423,0,Away,Traditional food official personal mention sign. Wonder politics senior point.
b146b36c-0145-4c71-92d6-8998635d77fd,Cavaliers,Raptors,509,534,0,Home,Common nature staff important direction figure power. Popular great indicate.
c04009c6-991e-4bd0-9909-91664a0f3c49,Spurs,Warriors,478,605,0,Home,Front but everyone key. Left technology sometimes interest authority move kind. Note force alone challenge.
f01d3662-3b0a-4088-a237-bf35a6fdf831,Raptors,Cavaliers,531,521,1,Home,Goal capital word short. Sell network benefit number wonder idea attention also. Business president bed sister.
15785d64-93a4-4aa2-ae6a-ff3af472ffe1,Raptors,Lakers,531,588,1,Neutral,Material billion price coach there should. Board girl light effect yes cut.
1a924150-a8e5-463a-881a-1e71cf473f57,Lakers,Warriors,584,612,1,Neutral,Now technology fund stop service option million. Foot two answer piece moment he.
cd324a87-ec65-4689-8f85-efe828f3837d,Lakers,Celtics,587,563,1,Away,Suggest car subject eight space measure upon cultural. Poor smile must like born. Edge under item air.
e31fccb6-46b5-40df-9c26-5381dd255127,Warriors,Rockets,608,426,1,Home,Memory public eye section reveal quickly wonder. Prepare share head you cause prove responsibility less.
3ddd0688-169a-412b-8aa5-37187cb20352,Warriors,Lakers,614,592,1,Home,Data yeah carry animal say. Black president similar admit best face. Want issue budget production outside impact vote.
fa3fc436-b321-43e8-9352-c9e161aa1155,Raptors,Cavaliers,524,516,1,Away,Ten full safe increase practice arm PM. Thought one grow production for economy. Source second cause better.
3cf4dba9-7cf9-446c-8924-03cccf7a635e,Lakers,Raptors,595,525,1,Neutral,Stay Democrat war. Per own available firm. Although debate serve shake exist cost evening.
51db0eef-1136-4f20-ae2f-ebde155114cc,Cavaliers,Lakers,503,586,0,Home,Life full especially century.
a0e277ee-5dc9-4802-9d71-6f935d94a553,Raptors,Mavericks,526,471,1,Away,Book development medical side daughter carry force. Mind water Mrs myself serious. Admit citizen near media house.
96107a58-af16-417c-bc57-3ad682bcfecc,Lakers,Celtics,589,557,1,Neutral,Could big great himself bar foreign program. Evening peace local federal.
329640d9-5bc5-42ed-afb9-d2145a9990e9,Rockets,Mavericks,410,467,0,Away,Under such tonight soon ever. Generation drive kind try better white activity. Seat buy direction.
fcef714e-68d5-49ef-8f6b-b81fd7487eab,Lakers,Mavericks,594,471,1,Neutral,Each court forward contain unit big.
5acf4a55-e225-4886-9915-bed8be392205,Heat,Warriors,442,604,0,Home,Smile production national class interview. Camera per discussion understand.
7b1c65c7-78f8-4a2d-b13c-9c897eba2916,Celtics,Mavericks,567,466,1,Home,Individual Mr event four again often. President health short. Show much she specific easy. Pay visit recognize whole camera.
75399ce7-21a5-477f-8c9c-722350147e98,Bulls,Rockets,472,421,0,Neutral,Leave left simply ever. Kind establish perhaps less hand position may. Travel support level door high board race.
6ad4984c-f746-43ec-b24f-395b7489c4fd,Raptors,Rockets,525,420,1,Away,Pm word sure catch office brother people you. House practice paper maybe contain happen anyone game. Into three article matter product work soon.
f7a92246-0c48-4c22-96f1-aa4539d1b0fe,Rockets,Cavaliers,424,513,0,Home,Offer where chair market like create situation. Section mother lot.
92d83d03-6118-402f-869a-470b67e8605f,Spurs,Cavaliers,467,513,0,Away,First use term certain culture develop rule plan. Me down pass time six activity watch.
a97b13a7-4688-4737-a68a-acf3422799f6,Mavericks,Bulls,467,470,0,Neutral,Bit technology apply physical condition which window. Lot month serious. Gas run cover their image.
bf34f004-76d8-406d-8940-35f8a1d55f03,Bulls,Spurs,482,476,0,Neutral,Fine pretty seat. Admit page interest land until tonight civil.
176f1e3d-4e96-4ab3-8a49-ff4c62a8d74f,Celtics,Lakers,558,590,1,Home,Authority your arrive. Energy message sing forget. Investment result role who unit also low. Usually well former find behavior value still former.
1d14ead6-3a38-46e6-8796-c11dc03da825,Heat,Cavaliers,435,518,0,Away,Book role draw feeling mean those behavior. Between through adult age late little. Hot sport particularly.
9070394c-357c-4fdb-912e-99aa59241718,Raptors,Cavaliers,529,503,1,Home,Check quality study. Exactly certainly happen game live property. Floor everybody protect member house red. Into appear stuff manager during measure.
ebbeb571-de9e-4917-afa0-7bba817067b3,Lakers,Bulls,587,478,1,Home,Technology material hour trouble. Name walk learn nearly risk who while vote.
a5bca3b8-0412-47bd-bf48-07f609c1d9d5,Cavaliers,Heat,524,442,0,Neutral,Debate cover sea it color you tonight. Last water authority its use. Would film another parent machine boy professional within.
dbe6c53e-15db-49a0-b77b-b3b06cfc94fd,Spurs,Celtics,476,561,0,Neutral,Truth war whole defense.
71c5bea0-cd1a-4e56-950c-9df11c99b336,Lakers,Rockets,588,426,1,Home,Task road these walk heavy. Thus no best alone. Receive total than machine glass.
a2e5b972-2f0c-4fe2-a365-1ebf7a6191ce,Mavericks,Cavaliers,469,511,0,Away,And view take once become law main. Plant investment set television trade this yes.
504f05e2-c4e9-4f0c-a640-0a096824ac27,Lakers,Warriors,583,607,1,Neutral,Fine you guy. Owner drive home. But answer together listen film summer shoulder.
39add230-02c8-4ad0-9413-b8cde7117efd,Rockets,Mavericks,428,461,0,Neutral,Effect young early oil stuff tonight color. Clear realize exist each blue civil deep.
38168bb3-baba-423e-b712-1105f22bba50,Lakers,Bulls,580,483,1,Away,Central baby set teach. Them sell defense everyone Mr. Their chance sell expert boy conference.
43a66033-fd34-470f-b257-9c96e571d1e1,Lakers,Rockets,587,432,1,Neutral,Letter star head speech direction until. Anyone property say enjoy situation many region. Perform catch even real language success a.
fb061895-6490-4f1d-801e-22c093f4e56b,Warriors,Cavaliers,602,509,1,Home,Share clearly occur economy bill drug. Try great begin significant race player college join.
8e548f2c-78bd-4e50-a5d2-05aff0f8f34d,Rockets,Warriors,417,595,0,Neutral,Room program research sort reason American matter. Brother no of to.
aa929fc2-8825-43b9-ae0c-6fe59f580ede,Bulls,Cavaliers,480,518,0,Neutral,Network common despite tend small up. System firm table economy performance. Might medical which although nothing between blue.
e68d2320-e20a-4fbf-9b9d-421b43264418,Raptors,Spurs,526,481,1,Away,Research gas understand. Product if grow bad laugh gas citizen American. Oil direction pretty great.
6a982b93-96db-47bd-82ec-5a2f4415d1be,Warriors,Celtics,607,563,1,Neutral,Himself recognize increase again hold fall rule. Summer certainly appear teach them center.
81eac9b0-9799-4af7-a799-7c83ee02dcb7,Spurs,Lakers,473,588,0,Home,Color strategy play hope agency. Republican gun indeed these. Morning suggest wear scientist.
1a2138cc-eb1d-4694-9d99-1b148a7db294,Heat,Bulls,431,480,0,Home,Run through television write huge herself project. Plan never ball rate pass turn. Reality tend subject team beautiful.
217c0245-ab2e-4862-9289-7b95e06aafc7,Spurs,Cavaliers,476,514,0,Away,Surface baby have adult.
a16e52c4-baf6-4b0e-bf2e-0b2dc97b6921,Lakers,Spurs,588,471,1,Away,Teach eight deep second. Friend into minute shoulder on really. Mean visit view play industry mother.
31302614-88ea-44e9-90e6-d13245319b4c,Cavaliers,Bulls,515,478,0,Away,Season show social generation. Account realize himself kitchen different ground. Build age very.
54486124-0ba8-4c4f-93f3-24bf4b07fa0b,Raptors,Heat,529,438,1,Away,Number cost trip ground party reason. Long social might scientist western analysis. Improve picture where of. Term loss ever hot full only both good.
7657e628-d386-48d3-8d80-200d1270afb4,Warriors,Cavaliers,614,510,1,Home,Want population these about road. White police religious move how rather.
962ce53c-18f2-4abd-a50a-8b3149590650,Mavericks,Rockets,473,418,0,Home,Former keep claim carry three purpose middle company. Serve represent home style move try describe candidate. Understand recent learn executive.
7c78f2c6-758e-43d6-8aae-932be41b7420,Celtics,Warriors,561,605,1,Away,Conference beat none arm crime country. Per up mission need exist allow along.
3cb48a67-1c43-4eed-9fc3-36ef4e4be634,Warriors,Cavaliers,604,509,1,Neutral,Great song low sense question what trial add. Soldier skill watch happy black above account.
a78f564c-e351-43e9-a91e-3036ccf4ff33,Warriors,Cavaliers,603,510,1,Away,Tax under issue important. Create watch painting class teacher.
b9f365b0-6a84-49d8-a186-8d34c86745ee,Spurs,Celtics,474,562,0,Home,Scene soldier who should general magazine identify hotel.
2a9396d3-cb0a-4f7d-a8cb-aa7f30ba5158,Lakers,Spurs,580,477,1,Away,Daughter dream someone tonight edge production. Character need property book.
3513d813-4cc1-4461-ab15-4b6a93065f03,Spurs,Rockets,476,426,0,Home,Along building discussion forward sound. Dark begin international among meet dream. Play represent cell language both. Anyone often house.
7bc5a64b-ba58-421e-8876-5ee22f37a814,Warriors,Celtics,602,571,1,Home,Anyone daughter close.
5f18e02a-d6de-41e1-ac0f-fc13476c166c,Heat,Raptors,442,524,0,Neutral,Station data wind evidence team. Technology candidate able test politics plant bit.
a9eceed6-055f-4324-97b1-277b4ff49baf,Raptors,Mavericks,532,470,1,Away,Feeling become trouble learn. Easy wonder their foot.
07b8af00-87ea-4991-ae87-ab0cc7cfc880,Celtics,Lakers,561,594,1,Home,Life official authority particularly sport. Dream represent least write officer specific consumer. Factor if between project war mind. Teacher trip page mission author address risk market.
984aac06-43fe-4821-88a0-f404844748eb,Spurs,Mavericks,466,462,0,Home,Without half garden.
5cae7dcf-a805-49b2-a2ef-30ea3f722d55,Mavericks,Spurs,469,475,0,Away,Drop author rate cut protect. Commercial serious early size.
bbe511d6-bdf3-4018-a430-ef73bc762909,Lakers,Spurs,578,476,1,Away,Certain deep chair speak west concern public. Director garden billion.
fd64fc28-8ca1-41bd-961f-9275708eb1a7,Heat,Celtics,438,562,0,Neutral,Require his poor material yeah head. Hear their evidence clearly.
540595b2-cf2b-4ce2-96c8-f3504d8063ba,Raptors,Bulls,524,484,1,Neutral,Fine meet everything relate beautiful involve firm. Person happen room provide opportunity especially especially. Me professor city can kitchen.
46e7f0be-5fd6-41fb-9ce5-13630f4ef874,Raptors,Warriors,531,608,1,Neutral,Democratic here sound music. Agreement believe near age hospital. Performance action stage me nice play.
2b8c836e-23f4-4110-9b42-7b458cc41a78,Heat,Warriors,431,613,0,Home,Exist north message nearly thank. Chance argue really anyone certainly rock number learn.
e7f73a61-ffbc-4f13-ba35-b2866bbbceb3,Rockets,Spurs,430,472,0,Away,Where morning ok artist. Theory majority natural item apply half war. Family full society arrive shoulder.
c7d0b380-ce33-418e-b900-3e1501266257,Cavaliers,Warriors,505,612,0,Home,Lay arrive remain result image. Fast both particular public high describe claim.
a3763571-a141-4aaf-8a17-9efdb8da1d91,Warriors,Cavaliers,599,506,1,Away,Scene summer crime table. Produce agreement important before no worker field tend.
e88aa40a-62c1-42a8-a9ac-4a530e26f02e,Heat,Rockets,433,419,0,Away,Hard culture test fish radio. Because finally result feeling.
e6667db9-aa36-41ec-a935-fdfeddde7a71,Celtics,Heat,564,433,1,Away,Race outside international life he music. Tonight smile short forward dog television walk. Challenge control country.
ce210632-5a3e-4265-bca5-ad0a016f4da5,Bulls,Raptors,483,536,0,Neutral,Serious item ever special guy response could. Bed science certainly majority little.
c96c49e2-9037-48c0-944f-2be2d5c6c3c2,Mavericks,Bulls,464,480,0,Away,Challenge again they trouble opportunity yes. Speech rest anything student follow entire baby. Reflect himself project help why others near. Fight interesting game church.
99eebca4-fa9e-4146-ac4d-2067baddd911,Celtics,Bulls,562,481,1,Away,Prove realize necessary list how somebody. Onto recently discover hear describe to. Newspaper for front article heart tell.
314dafc3-2de4-4f33-8588-444f046b930a,Lakers,Cavaliers,594,512,1,Away,Assume baby eye myself best certainly.
fb33792e-b285-4143-be5b-f5d078bc9f88,Mavericks,Heat,467,434,0,Away,Save very wide artist. Hard above good century.
272fdca4-1cb0-4bd4-853e-8644881685ac,Cavaliers,Spurs,519,476,0,Away,Be hold democratic news chance similar young top.
a4c7171d-c06b-4103-9b5d-a68922f3666c,Mavericks,Warriors,472,604,0,Away,Husband security detail full leave near. Herself write sport mother. Deal admit argue long just usually medical they.
a46928ac-fa3e-423d-b63e-10d5269b2217,Spurs,Bulls,474,482,0,Away,Fear piece pass hold daughter beyond its. Woman face may when understand.
5fdd9564-e803-47fa-81a0-1f4cd74c5ab9,Spurs,Warriors,475,606,0,Away,Job mission television view take. Worry day support structure during. Yes development reality street decade deal.
c8ce3a72-dc9e-4ff9-b38c-e932136a0342,Spurs,Rockets,478,421,0,Neutral,Than force note exist and put. Kitchen discussion baby wrong consumer manage particularly.
9d4f4505-0614-4fc9-9cbc-e4174a703af3,Cavaliers,Bulls,511,473,0,Away,Statement that sure let. Support church name most particular director candidate.
21500fe3-8940-4f33-a3b5-6a7025863188,Heat,Rockets,432,410,0,Away,Together friend Congress would heavy goal far may. Activity evidence will suggest. Measure agent participant adult design report measure.
1c77561c-ad6c-4ea2-90c6-faf9ede6f566,Spurs,Celtics,471,554,0,Neutral,Church same be lead always find. Generation fear design now. Republican idea some impact past wish her. Then subject actually listen relate manager listen.
2b66b7bf-c6ad-43c7-9b84-ec738e00e217,Bulls,Mavericks,478,474,0,Home,Range year leg either consumer read.
d4026b13-5066-479b-b177-07760af9e7ca,Raptors,Lakers,525,590,1,Neutral,Listen sort day general speech movie record. There easy order line win suggest think body. Happy authority paper soldier fill us.
e414e46f-e615-4786-91e6-9c982f7d5c66,Cavaliers,Bulls,508,472,0,Away,He cut statement paper build start. Evening down agree however.
7c9320ae-6734-4ce6-afe7-fe1e657704d8,Rockets,Celtics,423,563,0,Away,Threat trouble another none worry rest. Real on shoulder should item responsibility since. Traditional drive officer election of bad run. Test under couple personal.
f6406ee4-2a34-43a9-8190-a593621ff525,Cavaliers,Warriors,509,604,0,Neutral,Form research themselves give information. Western among democratic record message on toward. Them indeed ready worry.
1c10cd72-9943-48a9-8884-3448f1bdc814,Rockets,Bulls,418,481,0,Away,Support cut road support politics feeling. Large back fine. Structure class return.
6a8e3cac-76c1-4fef-b3f5-c3bd8bcc033a,Warriors,Cavaliers,605,504,1,Away,Story law operation father. Attack prevent move ahead soon push ability fall.
c648c7e6-fe11-48d8-9acf-d5ba723fd1ff,Celtics,Raptors,567,531,1,Neutral,Fight walk partner. Lot big style science many increase word issue. Animal movie their build writer conference.
81be26c2-e22d-421a-9416-98b623246081,Cavaliers,Heat,514,429,0,Neutral,Pattern win thought. Military experience produce attack region current cell finally.
60a649b4-698f-4c3e-9816-ed978db5df56,Raptors,Heat,524,441,1,Neutral,I recently address mind success book my. Reach design machine raise represent task job.
c4bf7875-8c10-47f8-a2da-53b35524827d,Lakers,Heat,592,439,1,Neutral,Well station play live. Drug eight develop join green black pattern. And smile today sea score garden.
32ffb29b-d1b3-4d84-97b4-68f61b8fdc9b,Raptors,Celtics,526,566,1,Home,Big analysis lot. Hair when indicate support risk less.
910ded4f-a2c6-4caa-9460-cc97386fd248,Bulls,Heat,474,426,0,Home,North today dream spring such father tax. Rather stage and.
19cecaed-c08e-4ad3-a122-0dee12d795a2,Mavericks,Lakers,471,578,0,Neutral,Idea society shake real require. See bill sign crime half floor single fall. Middle compare civil than financial wife.
2199781d-b2c1-4724-8e41-b4a82b723831,Heat,Spurs,436,477,0,Away,Camera former treat concern suggest nice over. Conference pay create everybody teach ability mouth. Mention fund medical develop.
37da2d5e-0c93-4f61-a54c-056f92366279,Celtics,Lakers,563,594,1,Home,Expect share season avoid miss medical. None card certain among detail.
dd5ccd54-9ffd-4b97-8bed-8c0a9f406764,Rockets,Bulls,422,473,0,Neutral,Company TV national green market consider. Husband attorney past body quickly born.
93ff8805-eb53-4148-adc0-dc87a5c8a464,Raptors,Mavericks,533,470,1,Neutral,Oil cultural let serve outside range. Only rather quite success condition. Task course necessary pass.
04aa1de3-7105-40e6-a550-9682ffdce1a4,Mavericks,Bulls,462,486,0,Away,Force accept story capital send. Trouble wall prepare issue. Radio like computer section every.
fc84d876-e2c6-486e-af55-7ecd536c2af4,Spurs,Cavaliers,479,520,0,Away,Others wall religious yet. Lead name true. Mr before play series responsibility beyond argue. It level standard big someone.
eca1b868-842d-42e9-86af-b64562c631ce,Mavericks,Raptors,465,524,0,Home,Matter Congress room laugh she air. Night wife chair mother.
53339a17-11ab-4fcf-b974-ca81d5f7b06b,Spurs,Lakers,470,591,0,Away,Year real any skill. Many bring someone begin.
3d9fdefa-03f6-47a8-aa48-ccdd2cc6f635,Celtics,Spurs,566,477,1,Away,Compare court kind truth focus event. Debate responsibility face suggest believe ever. Miss card official central power may drug.
1169b6bd-2b22-4ed6-be4a-5a608ccc8ab9,Celtics,Warriors,558,615,1,Neutral,Home by situation. Foreign conference trade bag by.
222cb027-da03-4a95-9259-d8a8286d9df1,Warriors,Heat,608,432,1,Away,Teacher box successful former where return. Top happy reduce however my recognize.
91ae6e4f-310a-47bd-aae0-9faa28cb8dcf,Spurs,Raptors,470,538,0,Home,Thank campaign art edge history need. Fear audience song way citizen hundred.
6e133279-2379-46f7-90fe-ae0d810e2672,Raptors,Cavaliers,529,517,1,Away,Agency choose size couple serve. Specific through yes road statement deal move. Describe happen all interview TV. Ahead very weight make thus.
eec4e0b3-8dc5-4a0d-83cb-29c3287b3d6c,Cavaliers,Celtics,512,567,0,Away,Left simply I too not. End expert value food.
99be77cc-8654-456f-aa6d-457b1388fca1,Cavaliers,Spurs,526,467,0,Home,Even sound eye activity bag let.
3c8c4431-d9a2-4e1f-8048-5a1d02089d6c,Rockets,Lakers,424,591,0,Neutral,Similar perform kitchen order fire small. Cause determine see usually. Series instead air site important.
a51a82ee-22a5-4d5b-bcf7-f741df5a20ac,Celtics,Lakers,559,589,1,Away,Phone agreement far guess cut interview Mr. Young address student.
1c40faef-e47f-45bd-b3cc-54be9196d8f0,Celtics,Bulls,565,479,1,Neutral,Little book product bill own everybody owner. Catch nature various edge fish.
8f9e4fac-9095-4e00-95e9-14fb4ac27c4b,Bulls,Mavericks,483,469,0,Home,House senior month line street. Class music his sure know.
b15196a4-b3b6-4797-a892-c5aacd93d17d,Raptors,Warriors,524,605,1,Away,Former ability baby time good. Cost beat its result. Health scene resource too.
ce2d82b9-6439-46c6-9296-949e81bcec17,Raptors,Heat,535,433,1,Away,Approach very late source action. Claim possible where. Mission local world whether century travel mission.
019a4890-9809-4236-a9dc-7bed8c15b077,Bulls,Cavaliers,473,517,0,Neutral,Add pattern response occur if evidence for book. North dark type start require yard.
7ea6ec2e-1d81-4ccd-b72a-068f3daad62b,Warriors,Bulls,618,473,1,Neutral,Talk knowledge per very despite international. Discussion beyond return town role mouth. Provide matter admit center interest.
0bbcf18e-f1b2-473c-8aff-ee8d5011bc62,Heat,Cavaliers,435,515,0,Home,During woman yet might speech stay his. Ready small current PM economy factor.
af757646-bc8e-4d5e-af8c-0d43adcc0465,Mavericks,Bulls,463,482,0,Away,Site admit old entire seek their kind bad. Across television report director politics police fall. Left reveal traditional hope finish law computer realize.
f71dd32f-e449-4b25-92ba-1634f7f9b4a3,Mavericks,Heat,463,441,0,Away,Number cell American operation high huge involve. Off arm eye plant mention.
77175dcc-1491-4818-bf47-9477f9a0f8df,Lakers,Rockets,588,425,1,Home,Say along even improve PM. Hear hundred stop treat break range administration.
f7751e91-936a-49b0-acd9-bf880968b815,Rockets,Celtics,421,562,0,Neutral,Person increase wear buy work senior interest involve. Eye radio interesting rather determine.
ade4569c-eff0-43ee-b9d2-5cb91fa8d96d,Celtics,Mavericks,567,460,1,Home,Hard every watch occur moment keep time almost. Marriage individual size rich.
f7c97a48-37a9-405c-a3ae-9e60037905af,Spurs,Heat,474,433,0,Home,Hot wind political every three. Owner stock sense ok. System product seat growth.
9e21d6ea-1a61-400a-ab36-7b07a3c03a64,Cavaliers,Celtics,510,569,0,Away,Sport involve career exactly first few. Treatment ask campaign social same card spend. Street explain minute.
47cf4ed4-ba78-4cb8-92ec-9c7e46055080,Cavaliers,Mavericks,518,469,0,Neutral,Record half economy foreign. Four amount wind girl nation per black.
bed53d51-8087-4d3f-9d9a-4a5ff51cf9fc,Spurs,Cavaliers,470,520,0,Neutral,Arm magazine condition focus feeling only paper billion. Within action country probably American.
9aac1b36-ff92-4964-93f3-c12752cc7f2f,Heat,Celtics,428,568,0,Away,Activity blue such vote. Attention last send reflect treatment learn consider contain. Author century beat standard TV we face fear.
